{"train_acc5":92.06528465346534,"test/acc1":86.04,"epoch":199,"test_loss":0.6518183946609497,"_timestamp":1.7448436671689806e+09,"test_acc5":95.90999997558593,"train/loss":1.8207077980041504,"test_acc1":86.04,"_step":101399,"test/acc5":95.90999997558593,"_wandb":{"runtime":38363},"_runtime":38362.875335983,"n_parameters":5105608,"train_lr":1.0260106816025546e-06,"train_loss":1.755860690315171,"train_acc1":79.6855662128713,"test/loss":0.6518183946609497,"train/lr":1.0000003050752535e-06}