{"_runtime":8785.554392179,"test_acc5":72.36,"test/loss":2.384814429283142,"_step":20259,"train_lr":3.1880305730065523e-06,"train_loss":3.6532111061786687,"test_acc1":44.29,"_timestamp":1.7447489808908412e+09,"train/lr":1.0000064266070378e-06,"test/acc5":72.36,"train_acc1":32.08843348170129,"test/acc1":44.29,"test_loss":2.384814429283142,"_wandb":{"runtime":8785},"epoch":19,"n_parameters":5279944,"train/loss":3.5900168418884277,"train_acc5":57.939617334322456}