{"_timestamp":1.7450978051655626e+09,"_runtime":8.829315864,"_step":0,"_wandb":{"runtime":10},"train/loss":6.909243106842041,"train/lr":0}