{"test/acc1":49.90000001220703,"epoch":19,"_wandb":{"runtime":3848},"train_acc5":62.264464727722775,"train_lr":5.386212171055252e-06,"train/loss":3.4367618560791016,"train/lr":1.0000515577144383e-06,"_timestamp":1.7447968058802676e+09,"_step":10139,"test_loss":2.117154973745346,"train_acc1":36.07982673267327,"_runtime":3847.389091387,"train_loss":3.4641810117381633,"test_acc1":49.90000001220703,"test_acc5":76.54000003051758,"n_parameters":5105608,"test/loss":2.117154973745346,"test/acc5":76.54000003051758}