{"n_parameters":5279968,"test_acc1":39.149999984741214,"test_acc5":67.58000007324219,"test_loss":2.607517796754837,"train/loss":3.810638189315796,"train_acc1":27.586633663366335,"epoch":19,"test/loss":2.607517796754837,"train_loss":3.866813940576988,"_runtime":4972.130866047,"_timestamp":1.7451416194104083e+09,"train/lr":1.0000515577144383e-06,"train_lr":5.386212171055252e-06,"_step":10139,"test/acc1":39.149999984741214,"test/acc5":67.58000007324219,"_wandb":{"runtime":4972},"train_acc5":52.938196163366335}