{"test_loss":2.032851833105087,"test/acc1":51.640000033569336,"test_acc1":51.640000033569336,"_timestamp":1.7448013635485897e+09,"_runtime":4494.82595772,"_wandb":{"runtime":4495},"train/loss":3.338521957397461,"test/loss":2.032851833105087,"train_loss":3.359355977738258,"train_acc1":38.60303217821782,"train/lr":1.0000515577144383e-06,"test_acc5":78.65999998779297,"_step":10139,"test/acc5":78.65999998779297,"epoch":19,"n_parameters":5279944,"train_acc5":64.51810024752476,"train_lr":5.386212171055252e-06}