{"_timestamp":1.7450971415256116e+09,"_runtime":8.632264727999999,"_step":0,"train/loss":6.917240142822266,"_wandb":{"runtime":10},"train/lr":0}