{"train/loss":6.917240142822266,"train/lr":0,"_timestamp":1.7450968288153658e+09,"_runtime":14.102782573,"_step":0,"_wandb":{"runtime":16}}