{"test/loss":0.6641018316149712,"_runtime":45115.434286629,"train/loss":1.647483468055725,"test_loss":0.6641018316149712,"n_parameters":5279944,"test/acc1":85.51000006103516,"train/lr":1.0000003050752535e-06,"train_acc5":92.24976794554455,"train_loss":1.7560389616701864,"test_acc1":85.51000006103516,"test_acc5":95.82000002441406,"_wandb":{"runtime":45116},"epoch":199,"train_acc1":79.66584158415841,"_step":101399,"train_lr":1.0260106816025546e-06,"test/acc5":95.82000002441406,"_timestamp":1.7448493334137342e+09}